Time Period,Average Unique Bidders
Period 1,22.42191689008043
Period 2,21.656446756090883
Period 3,17.31096103896104
